{"initial_reset_timestamp": 1.285754092, "timestamps": [1.777421707, 1.983658551, 2.301727961], "episode_lengths": [4, 3, 6], "episode_rewards": [0.975, 0.98125, 0.9625], "episode_types": ["t", "t", "t"]}